{
  "resourceType" : "Medication",
  "id" : "Medisin-1-LegemiddelDose-Oxycodone",
  "meta" : {
    "profile" : ["http://hl7.no/fhir/ig/lmdi/StructureDefinition/lmdi-medication"]
  },
  "text" : {
    "status" : "generated",
    "div" : "<div xmlns=\"http://www.w3.org/1999/xhtml\"><p class=\"res-header-id\"><b>Generated Narrative: Medication Medisin-1-LegemiddelDose-Oxycodone</b></p><a name=\"Medisin-1-LegemiddelDose-Oxycodone\"> </a><a name=\"hcMedisin-1-LegemiddelDose-Oxycodone\"> </a><a name=\"Medisin-1-LegemiddelDose-Oxycodone-no\"> </a><div style=\"display: inline-block; background-color: #d9e0e7; padding: 6px; margin: 4px; border: 1px solid #8da1b4; border-radius: 5px; line-height: 60%\"><p style=\"margin-bottom: 0px\"/><p style=\"margin-bottom: 0px\">Profile: <a href=\"StructureDefinition-lmdi-medication.html\">Legemiddel</a></p></div><p><b>identifier</b>: <a href=\"NamingSystem-no-basis-fest-legemiddeldose.html\" title=\"FEST-id for dose. Rekvirering av en bestemt merkevare med ID (LMR-nummer) som representerer minste plukkbare enhet, f.eks. 1 ampulle eller 1 tablett.\">festLegemiddelDose</a>/ID_48BD33D2-2838-4B81-8225-02391B7A4516</p><p><b>code</b>: <span title=\"Codes:{http://snomed.info/sct 414984009}\">Oxycodone</span></p></div>"
  },
  "identifier" : [{
    "system" : "http://dmp.no/fhir/NamingSystem/festLegemiddelDose",
    "value" : "ID_48BD33D2-2838-4B81-8225-02391B7A4516"
  }],
  "code" : {
    "coding" : [{
      "system" : "http://snomed.info/sct",
      "code" : "414984009",
      "display" : "Product containing oxycodone (medicinal product)"
    }],
    "text" : "Oxycodone"
  }
}