{
  "resourceType" : "Organization",
  "id" : "Organisasjon-2-Avdeling",
  "meta" : {
    "profile" : ["http://hl7.no/fhir/ig/lmdi/StructureDefinition/lmdi-organization"]
  },
  "text" : {
    "status" : "generated",
    "div" : "<div xmlns=\"http://www.w3.org/1999/xhtml\"><p class=\"res-header-id\"><b>Generated Narrative: Organization Organisasjon-2-Avdeling</b></p><a name=\"Organisasjon-2-Avdeling\"> </a><a name=\"hcOrganisasjon-2-Avdeling\"> </a><a name=\"Organisasjon-2-Avdeling-no\"> </a><div style=\"display: inline-block; background-color: #d9e0e7; padding: 6px; margin: 4px; border: 1px solid #8da1b4; border-radius: 5px; line-height: 60%\"><p style=\"margin-bottom: 0px\"/><p style=\"margin-bottom: 0px\">Profile: <a href=\"StructureDefinition-lmdi-organization.html\">Organisasjon</a></p></div><p><b>identifier</b>: <code>urn:oid:2.16.578.1.12.4.1.4.102</code>/4208723</p><p><b>type</b>: <span title=\"Codes:{http://terminology.hl7.org/CodeSystem/organization-type dept}\">Hospital Department</span></p><p><b>name</b>: Avdeling for epilepsi, poliklinikk</p><p><b>partOf</b>: <a href=\"Organization-Organisasjon-3-Sykehus.html\">Organization Oslo universitetssykehus HF</a></p></div>"
  },
  "identifier" : [{
    "system" : "urn:oid:2.16.578.1.12.4.1.4.102",
    "value" : "4208723"
  }],
  "type" : [{
    "coding" : [{
      "system" : "http://terminology.hl7.org/CodeSystem/organization-type",
      "code" : "dept",
      "display" : "Hospital Department"
    }]
  }],
  "name" : "Avdeling for epilepsi, poliklinikk",
  "partOf" : {
    "reference" : "Organization/Organisasjon-3-Sykehus"
  }
}