{
  "resourceType" : "Patient",
  "id" : "Pasient-1-Uten-FNR",
  "meta" : {
    "profile" : ["http://hl7.no/fhir/ig/lmdi/StructureDefinition/lmdi-patient"]
  },
  "text" : {
    "status" : "generated",
    "div" : "<div xmlns=\"http://www.w3.org/1999/xhtml\"><p class=\"res-header-id\"><b>Generated Narrative: Patient Pasient-1-Uten-FNR</b></p><a name=\"Pasient-1-Uten-FNR\"> </a><a name=\"hcPasient-1-Uten-FNR\"> </a><a name=\"Pasient-1-Uten-FNR-no\"> </a><div style=\"display: inline-block; background-color: #d9e0e7; padding: 6px; margin: 4px; border: 1px solid #8da1b4; border-radius: 5px; line-height: 60%\"><p style=\"margin-bottom: 0px\"/><p style=\"margin-bottom: 0px\">Profile: <a href=\"StructureDefinition-lmdi-patient.html\">Pasient</a></p></div><p style=\"border: 1px #661aff solid; background-color: #e6e6ff; padding: 10px;\">Anonymous Patient Female, DoB: 1958-09-19</p><hr/><table class=\"grid\"><tr><td style=\"background-color: #f3f5da\" title=\"Ways to contact the Patient\">Contact Detail</td><td colspan=\"3\"></td></tr></table></div>"
  },
  "gender" : "female",
  "birthDate" : "1958-09-19",
  "address" : [{
    "district" : "Bærum"
  }]
}