<?xml version="1.0" encoding="UTF-8"?>

<Bundle xmlns="http://hl7.org/fhir">
  <id value="b70b4f59-62b5-48a3-9015-03f84ddebc8f"/>
  <meta>
    <lastUpdated value="2025-02-11T10:50:57.808+00:00"/>
  </meta>
  <type value="collection"/>
  <entry>
    <fullUrl value="http://hl7.no/fhir/ig/lmdi/ValueSet/LokalLegemiddelkatalogValues"/>
    <resource>
      <ValueSet>
        <text>
          <status value="generated"/>
          <div xmlns="http://www.w3.org/1999/xhtml">
            <p class="res-header-id">
              <b>Generated Narrative: ValueSet </b>
            </p>
            <p style="border: black 1px dotted; background-color: #EEEEEE; padding: 8px; margin-bottom: 8px">Expansion done internally based on 
              <a href="CodeSystem-LokalLegemiddelkatalogCodeSystem.html">codesystem Lokal Legemiddelkatalog Codes v0.9.4 (CodeSystem)</a>
            </p>
            <p>This value set contains 2 concepts</p>
            <table class="codes">
              <tr>
                <td style="white-space:nowrap">
                  <b>Code</b>
                </td>
                <td>
                  <b>System</b>
                </td>
                <td>
                  <b>Display</b>
                </td>
                <td>
                  <b>Definition</b>
                </td>
              </tr>
              <tr>
                <td style="white-space:nowrap">
                  <a name="x-http://hl7.no/fhir/ig/lmdi/CodeSystem/LokalLegemiddelkatalogCodeSystem-metavisionkatalogFraHso"> </a>  
                  <a href="CodeSystem-LokalLegemiddelkatalogCodeSystem.html#LokalLegemiddelkatalogCodeSystem-metavisionkatalogFraHso">metavisionkatalogFraHso</a>
                </td>
                <td>http://hl7.no/fhir/ig/lmdi/CodeSystem/LokalLegemiddelkatalogCodeSystem</td>
                <td>MetavisionkatalogFraHso</td>
                <td>
                  <div>
                    <p>Metavisionkatalog fra Helse Sør-Øst</p>

                  </div>
                </td>
              </tr>
              <tr>
                <td style="white-space:nowrap">
                  <a name="x-http://hl7.no/fhir/ig/lmdi/CodeSystem/LokalLegemiddelkatalogCodeSystem-metavisionkatalogFraHN"> </a>  
                  <a href="CodeSystem-LokalLegemiddelkatalogCodeSystem.html#LokalLegemiddelkatalogCodeSystem-metavisionkatalogFraHN">metavisionkatalogFraHN</a>
                </td>
                <td>http://hl7.no/fhir/ig/lmdi/CodeSystem/LokalLegemiddelkatalogCodeSystem</td>
                <td>MetavisionkatalogFraHN</td>
                <td>
                  <div>
                    <p>Metavisionkatalog fra Helse Nord</p>

                  </div>
                </td>
              </tr>
            </table>
          </div>
        </text>
        <url value="http://hl7.no/fhir/ig/lmdi/ValueSet/LokalLegemiddelkatalogValues"/>
        <version value="0.9.4"/>
        <name value="LokalLegemiddelkatalogValues"/>
        <title value="Lokal Legemiddelkatalog Values"/>
        <status value="draft"/>
        <date value="2025-02-11T10:50:05+00:00"/>
        <jurisdiction>
          <coding>
            <system value="urn:iso:std:iso:3166"/>
            <code value="NO"/>
            <display value="Norway"/>
          </coding>
        </jurisdiction>
        <expansion>
          <identifier value="urn:uuid:49c1ae1a-c127-488d-939f-174895eda9d3"/>
          <timestamp value="2025-02-11T10:51:30+00:00"/>
          <total value="2"/>
          <offset value="0"/>
          <parameter>
            <name value="count"/>
            <valueInteger value="1000"/>
          </parameter>
          <parameter>
            <name value="offset"/>
            <valueInteger value="0"/>
          </parameter>
          <parameter>
            <name value="excludeNested"/>
            <valueBoolean value="false"/>
          </parameter>
          <parameter>
            <name value="used-codesystem"/>
            <valueUri value="http://hl7.no/fhir/ig/lmdi/CodeSystem/LokalLegemiddelkatalogCodeSystem|0.9.4"/>
          </parameter>
          <contains>
            <system value="http://hl7.no/fhir/ig/lmdi/CodeSystem/LokalLegemiddelkatalogCodeSystem"/>
            <code value="metavisionkatalogFraHso"/>
            <display value="MetavisionkatalogFraHso"/>
          </contains>
          <contains>
            <system value="http://hl7.no/fhir/ig/lmdi/CodeSystem/LokalLegemiddelkatalogCodeSystem"/>
            <code value="metavisionkatalogFraHN"/>
            <display value="MetavisionkatalogFraHN"/>
          </contains>
        </expansion>
      </ValueSet>
    </resource>
  </entry>
</Bundle>