URL,Version,Status,OIDs,Name,Title,Description,Used
http://hl7.no/fhir/ig/lmdi/CodeSystem/LokalLegemiddelkatalogCodeSystem,0.9.4,draft,,LokalLegemiddelkatalogCodeSystem,Lokal Legemiddelkatalog Codes,"Kodesystem for lokal legemiddelkatalog","ValueSet/LokalLegemiddelkatalogValues"
http://hl7.org/fhir/CodeSystem/medicationrequest-status,4.0.1,draft,"2.16.840.1.113883.4.642.4.1377",medicationrequest Status,Medicationrequest  status,"MedicationRequest Status Codes","ValueSet/medicationrequest-status"
http://snomed.info/sct,null,active,"2.16.840.1.113883.6.96",SNOMED_CT,SNOMED CT (all versions),"SNOMED CT is the most comprehensive and precise clinical health terminology product in the world, owned and distributed around the world by The International Health Terminology Standards Development Organisation (IHTSDO).","ValueSet/practitioner-role,ValueSet/route-codes"
http://terminology.hl7.org/CodeSystem/practitioner-role,1.0.1,active,"2.16.840.1.113883.4.642.1.1132",PractitionerRole,Practitioner role,"This example value set defines a set of codes that can be used to indicate the role of a Practitioner.","ValueSet/practitioner-role"
