URL,Version,Status,OIDs,Name,Title,Descriptino,Uses,Used,Sources
http://hl7.no/fhir/ig/lmdi/ValueSet/LokalLegemiddelkatalogValues,0.9.4,draft,,LokalLegemiddelkatalogValues,Lokal Legemiddelkatalog Values,"Gyldige verdier for medlemskapsstatus","StructureDefinition/lokal-legemiddelkatalog-extension","Internal"
http://hl7.no/fhir/ig/lmdi/ValueSet/lmdi-medicationadministrationstatus,0.9.4,draft,,LegemiddeladministreringStatus,Status for legemiddeladministrering,"Verdisett som begrenses status til Legemiddeladministrering til henholdsvis 'Gjennomført' eller 'Feilregistrert'.","StructureDefinition/lmdi-medicationadministration","FHIR"
http://hl7.org/fhir/ValueSet/medicationrequest-status,4.0.1,draft,"2.16.840.1.113883.4.642.3.1320",medicationrequest Status,Medicationrequest  status,"MedicationRequest Status Codes","StructureDefinition/lmdi-medicationrequest","hl7.fhir.r4.core"
http://hl7.org/fhir/ValueSet/route-codes,4.0.1,draft,"2.16.840.1.113883.4.642.3.98",SNOMEDCTRouteCodes,SNOMED CT Route Codes,"This value set includes all Route codes from SNOMED CT - provided as an exemplar.","StructureDefinition/lmdi-medicationadministration","SCT"
