{
  "resourceType" : "Bundle",
  "id" : "1a799bd8-ad4e-43e4-a97e-ba2455f235bb",
  "meta" : {
    "lastUpdated" : "2025-03-12T08:49:55.388+00:00"
  },
  "type" : "collection",
  "entry" : [{
    "fullUrl" : "http://hl7.no/fhir/ig/lmdi/ValueSet/LokalLegemiddelkatalogValues",
    "resource" : {
      "resourceType" : "ValueSet",
      "text" : {
        "status" : "generated",
        "div" : "<div xmlns=\"http://www.w3.org/1999/xhtml\"><p class=\"res-header-id\"><b>ValueSet </b></p><p style=\"border: black 1px dotted; background-color: #EEEEEE; padding: 8px; margin-bottom: 8px\">Expansion performed internally based on <a href=\"CodeSystem-LokalLegemiddelkatalogCodeSystem.html\">codesystem Lokal Legemiddelkatalog Codes v1.0.0 (CodeSystem)</a></p><p>This value set contains 2 concepts</p><table class=\"codes\"><tr><td style=\"white-space:nowrap\"><b>Code</b></td><td><b>System</b></td><td><b>Display (no)</b></td><td><b>Definition</b></td></tr><tr><td style=\"white-space:nowrap\"><a name=\"x-http://hl7.no/fhir/ig/lmdi/CodeSystem/LokalLegemiddelkatalogCodeSystem-metavisionkatalogFraHso\"> </a>\u00a0\u00a0<a href=\"CodeSystem-LokalLegemiddelkatalogCodeSystem.html#LokalLegemiddelkatalogCodeSystem-metavisionkatalogFraHso\">metavisionkatalogFraHso</a></td><td>http://hl7.no/fhir/ig/lmdi/CodeSystem/LokalLegemiddelkatalogCodeSystem</td><td/><td><div><p>Metavisionkatalog fra Helse Sør-Øst</p>\n</div></td></tr><tr><td style=\"white-space:nowrap\"><a name=\"x-http://hl7.no/fhir/ig/lmdi/CodeSystem/LokalLegemiddelkatalogCodeSystem-metavisionkatalogFraHN\"> </a>\u00a0\u00a0<a href=\"CodeSystem-LokalLegemiddelkatalogCodeSystem.html#LokalLegemiddelkatalogCodeSystem-metavisionkatalogFraHN\">metavisionkatalogFraHN</a></td><td>http://hl7.no/fhir/ig/lmdi/CodeSystem/LokalLegemiddelkatalogCodeSystem</td><td/><td><div><p>Metavisionkatalog fra Helse Nord</p>\n</div></td></tr></table></div>"
      },
      "url" : "http://hl7.no/fhir/ig/lmdi/ValueSet/LokalLegemiddelkatalogValues",
      "version" : "1.0.0",
      "name" : "LokalLegemiddelkatalogValues",
      "title" : "Lokal Legemiddelkatalog Values",
      "status" : "draft",
      "date" : "2025-03-12T08:49:17+00:00",
      "jurisdiction" : [{
        "coding" : [{
          "system" : "urn:iso:std:iso:3166",
          "code" : "NO",
          "display" : "Norway"
        }]
      }],
      "expansion" : {
        "identifier" : "urn:uuid:989cc11c-1ee7-484d-9f1a-82a1ddc2575a",
        "timestamp" : "2025-03-12T08:50:22+00:00",
        "total" : 2,
        "offset" : 0,
        "parameter" : [{
          "name" : "displayLanguage",
          "valueCode" : "no"
        },
        {
          "name" : "count",
          "valueInteger" : 1000
        },
        {
          "name" : "offset",
          "valueInteger" : 0
        },
        {
          "name" : "excludeNested",
          "valueBoolean" : false
        },
        {
          "name" : "used-codesystem",
          "valueUri" : "http://hl7.no/fhir/ig/lmdi/CodeSystem/LokalLegemiddelkatalogCodeSystem|1.0.0"
        }],
        "contains" : [{
          "system" : "http://hl7.no/fhir/ig/lmdi/CodeSystem/LokalLegemiddelkatalogCodeSystem",
          "code" : "metavisionkatalogFraHso"
        },
        {
          "system" : "http://hl7.no/fhir/ig/lmdi/CodeSystem/LokalLegemiddelkatalogCodeSystem",
          "code" : "metavisionkatalogFraHN"
        }]
      }
    }
  }]
}