<?xml version="1.0" encoding="UTF-8"?>

<Condition xmlns="http://hl7.org/fhir">
  <id value="Diagnose-1-ICD10-OID"/>
  <meta>
    <profile value="http://hl7.no/fhir/ig/lmdi/StructureDefinition/lmdi-condition"/>
  </meta>
  <text>
    <status value="generated"/><div xmlns="http://www.w3.org/1999/xhtml"><p class="res-header-id"><b>Generated Narrative: Condition Diagnose-1-ICD10-OID</b></p><a name="Diagnose-1-ICD10-OID"> </a><a name="hcDiagnose-1-ICD10-OID"> </a><a name="Diagnose-1-ICD10-OID-no"> </a><p><b>code</b>: <span title="Codes:{urn:oid:2.16.578.1.12.4.1.1.7110 R63.3}">Vanskeligheter med inntak og tilførsel av mat</span></p><p><b>subject</b>: <a href="Patient-eksempel-pasient-1234567890.html">Anonymous Patient (no stated gender), DoB Unknown</a></p></div>
  </text>
  <code>
    <coding>
      <system value="urn:oid:2.16.578.1.12.4.1.1.7110"/>
      <code value="R63.3"/>
      <display value="Vanskeligheter med inntak og tilførsel av mat"/>
    </coding>
  </code>
  <subject>
    <reference value="Patient/eksempel-pasient-1234567890"/>
  </subject>
</Condition>