<?xml version="1.0" encoding="UTF-8"?>

<MedicationRequest xmlns="http://hl7.org/fhir">
  <id value="Rekvirering-1"/>
  <meta>
    <profile value="http://hl7.no/fhir/ig/lmdi/StructureDefinition/lmdi-medicationrequest"/>
  </meta>
  <text>
    <status value="generated"/><div xmlns="http://www.w3.org/1999/xhtml"><p class="res-header-id"><b>Generated Narrative: MedicationRequest Rekvirering-1</b></p><a name="Rekvirering-1"> </a><a name="hcRekvirering-1"> </a><a name="Rekvirering-1-no"> </a><p><b>identifier</b>: <code>urn:oid:2.16.578.1.12.4.1.1.reseptid</code>/REK123456</p><p><b>status</b>: Active</p><p><b>intent</b>: Order</p><p><b>medication</b>: <a href="Medication-Medisin-2-Paracetamol.html">Medication </a></p><p><b>subject</b>: <a href="Patient-Pasient-2-FNR.html">Anonymous Patient (no stated gender), DoB Unknown ( urn:oid:2.16.578.1.12.4.1.4.1#13031353453)</a></p><p><b>authoredOn</b>: 2025-01-27</p><p><b>requester</b>: <a href="Practitioner-Helsepersonell-1-HPR-nummer.html">Practitioner: identifier = urn:oid:2.16.578.1.12.4.1.4.4#9144900</a></p><h3>DosageInstructions</h3><table class="grid"><tr><td style="display: none">-</td><td><b>Text</b></td></tr><tr><td style="display: none">*</td><td>1-2 tabletter ved behov mot smerter, maksimalt 8 tabletter per døgn</td></tr></table></div>
  </text>
  <identifier>
    <system value="urn:oid:2.16.578.1.12.4.1.1.reseptid"/>
    <value value="REK123456"/>
  </identifier>
  <status value="active"/>
  <intent value="order"/>
  <medicationReference>
    <reference value="Medication/Medisin-2-Paracetamol"/>
  </medicationReference>
  <subject>
    <reference value="Patient/Pasient-2-FNR"/>
  </subject>
  <authoredOn value="2025-01-27"/>
  <requester>
    <reference value="Practitioner/Helsepersonell-1-HPR-nummer"/>
  </requester>
  <dosageInstruction>
    <text value="1-2 tabletter ved behov mot smerter, maksimalt 8 tabletter per døgn"/>
  </dosageInstruction>
</MedicationRequest>