<?xml version="1.0" encoding="UTF-8"?>

<NamingSystem xmlns="http://hl7.org/fhir">
  <id value="lmdi-lokaltLegemiddel"/>
  <text>
    <status value="generated"/><div xmlns="http://www.w3.org/1999/xhtml"><p class="res-header-id"><b>Generated Narrative: NamingSystem lmdi-lokaltLegemiddel</b></p><a name="lmdi-lokaltLegemiddel"> </a><a name="hclmdi-lokaltLegemiddel"> </a><a name="lmdi-lokaltLegemiddel-no"> </a><h3>Summary</h3><table class="grid"><tr><td>Defining URL</td><td>http://hl7.no/fhir/ig/lmdi/NamingSystem/lmdi-lokaltLegemiddel</td></tr><tr><td>Version</td><td>1.0.0</td></tr><tr><td>Name</td><td>lmdiLokaltLegemiddel</td></tr><tr><td>Status</td><td>draft</td></tr><tr><td>Definition</td><td><div><p>Id for angivelse av legemiddel fra lokal legemiddelkatalog</p>
</div></td></tr><tr><td>Publisher</td><td>Folkehelseinstituttet</td></tr></table><h3>Identifiers</h3><table class="grid"><tr><td><b>Type</b></td><td><b>Value</b></td><td><b>Preferred</b></td></tr><tr><td>URI</td><td>http://fh.no/fhir/NamingSystem/lokaltVirkemiddel</td><td>true</td></tr></table></div>
  </text>
  <extension url="http://hl7.org/fhir/5.0/StructureDefinition/extension-NamingSystem.url">
    <valueUri value="http://hl7.no/fhir/ig/lmdi/NamingSystem/lmdi-lokaltLegemiddel"/>
  </extension>
  <extension url="http://hl7.org/fhir/5.0/StructureDefinition/extension-NamingSystem.version">
    <valueString value="1.0.0"/>
  </extension>
  <name value="lmdiLokaltLegemiddel"/>
  <status value="draft"/>
  <kind value="identifier"/>
  <date value="2024-06-10"/>
  <publisher value="Folkehelseinstituttet"/>
  <contact>
    <name value="Folkehelseinstituttet"/>
    <telecom>
      <system value="url"/>
      <value value="https://www.fhi.no"/>
    </telecom>
  </contact>
  <contact>
    <name value="Legemiddelregisteret"/>
    <telecom>
      <system value="email"/>
      <value value="legemiddelregisteret@fhi.no"/>
    </telecom>
  </contact>
  <responsible value="Folkehelseinstituttet"/>
  <description value="Id for angivelse av legemiddel fra lokal legemiddelkatalog"/>
  <jurisdiction>
    <coding>
      <system value="urn:iso:std:iso:3166"/>
      <code value="NO"/>
      <display value="Norway"/>
    </coding>
  </jurisdiction>
  <uniqueId>
    <type value="uri"/>
    <value value="http://fh.no/fhir/NamingSystem/lokaltVirkemiddel"/>
    <preferred value="true"/>
  </uniqueId>
</NamingSystem>