<?xml version="1.0" encoding="UTF-8"?>

<Patient xmlns="http://hl7.org/fhir">
  <id value="eksempel-pasient-1234567890"/>
  <text>
    <status value="generated"/><div xmlns="http://www.w3.org/1999/xhtml"><p class="res-header-id"><b>Generated Narrative: Patient eksempel-pasient-1234567890</b></p><a name="eksempel-pasient-1234567890"> </a><a name="hceksempel-pasient-1234567890"> </a><a name="eksempel-pasient-1234567890-no"> </a><p style="border: 1px #661aff solid; background-color: #e6e6ff; padding: 10px;">Anonymous Patient (no stated gender), DoB Unknown</p><hr/></div>
  </text>
</Patient>